domain,category,signal_year,follow_year,winner_fund_id,winner_name,chase_return_pct,category_average_return_pct,gap_pp,winner_vanished
gemel,קרנות השתלמות | כספי,2010,2011,1114,מנורה מבטחים השתלמות כספי (שקלי),3.2977,2.876072727272727,0.42162727272727274,0
gemel,קרנות השתלמות | כספי,2011,2012,1114,מנורה מבטחים השתלמות כספי (שקלי),2.7637,2.8917,-0.1280000000000001,0
gemel,קרנות השתלמות | כספי,2012,2013,715,הפניקס השתלמות כספי (שקלי),2.6878,1.6615727272727272,1.026227272727273,0
gemel,קרנות השתלמות | כספי,2013,2014,715,הפניקס השתלמות כספי (שקלי),5.5871,1.18757,4.39953,0
gemel,קרנות השתלמות | כספי,2014,2015,715,הפניקס השתלמות כספי (שקלי),2.3088,0.29033333333333333,2.018466666666667,0
gemel,קרנות השתלמות | כספי,2015,2016,715,הפניקס השתלמות כספי (שקלי),1.0931,0.2667375,0.8263624999999999,0
gemel,קרנות השתלמות | כספי,2016,2017,715,הפניקס השתלמות כספי (שקלי),0.2503,0.16716,0.08314000000000002,0
gemel,קרנות השתלמות | כספי,2017,2018,1535,אנליסט השתלמות כספי (שקלי),0.18,0.11337777777777777,0.06662222222222222,0
gemel,קרנות השתלמות | כספי,2018,2019,1370,מיטב השתלמות כספי (שקלי),0.4509,0.36177777777777775,0.08912222222222227,0
gemel,קרנות השתלמות | כספי,2019,2020,1535,אנליסט השתלמות כספי (שקלי),-0.0303,0.15675555555555554,-0.18705555555555553,0
gemel,קרנות השתלמות | כספי,2020,2021,1370,מיטב השתלמות כספי (שקלי),0.2803,0.1639125,0.1163875,0
gemel,קרנות השתלמות | כספי,2021,2022,715,הפניקס השתלמות כספי (שקלי),0.3792,0.2853875,0.09381249999999997,0
gemel,קרנות השתלמות | כספי,2022,2023,8705,מור קרן השתלמות לשכירים ולעצמאים - כספי (שקלי),4.2089,4.1069125,0.1019874999999999,0
gemel,קרנות השתלמות | כספי,2023,2024,1351,כלל השתלמות כספי(שקלי),4.6772,4.478311111111111,0.1988888888888889,0
gemel,קרנות השתלמות | כספי,2024,2025,1398,אלטשולר שחם השתלמות כספי (שקלי),5.2071,4.686522222222222,0.5205777777777776,0
gemel,"קרנות השתלמות | אג""ח ללא מניות",2010,2011,1406,"מנורה מבטחים השתלמות מסלול אג""ח קונצרניות",0.3011,3.0991923076923076,-2.7980923076923077,0
gemel,"קרנות השתלמות | אג""ח ללא מניות",2011,2012,1380,להבה מסלול שקלי,7.546551428571428,7.546551428571428,0.0,1
gemel,"קרנות השתלמות | אג""ח ללא מניות",2012,2013,1491,"אינפיניטי השתלמות אג""ח קונצרני",8.4818,3.6313555555555554,4.850444444444444,0
gemel,"קרנות השתלמות | אג""ח ללא מניות",2013,2014,1510,"השתלמות שיטת הפניקס סל עוקב מדד אג""ח לא צמוד ריבית קבועה",5.8033,4.249378260869565,1.553921739130435,0
gemel,"קרנות השתלמות | אג""ח ללא מניות",2014,2015,2130,השתלמות שיטת הפניקס סל עוקב מדד IBoxx $ Liquid,-0.7998,0.92993,-1.72973,0
gemel,"קרנות השתלמות | אג""ח ללא מניות",2015,2016,2125,השתלמות שיטת הפניקס אגח ממשלתי שקלי ריבית קבועה +5,1.7710428571428571,1.7710428571428571,0.0,1
gemel,"קרנות השתלמות | אג""ח ללא מניות",2016,2017,1354,"הפניקס השתלמות - מסלול אג""ח",4.7014,3.5550514285714288,1.1463485714285708,0
gemel,"קרנות השתלמות | אג""ח ללא מניות",2017,2018,8704,"מור השתלמות - מסלול עוקב מדד ""תל בונד 20""",-0.9594,-0.9078387096774194,-0.05156129032258061,0
gemel,"קרנות השתלמות | אג""ח ללא מניות",2018,2019,1319,"ילין לפידות קרן השתלמות מסלול אשראי ואג""ח",5.0821,6.645841379310345,-1.5637413793103452,0
gemel,"קרנות השתלמות | אג""ח ללא מניות",2019,2020,8703,"מור השתלמות - מסלול עוקב מדד ""שקליות ריבית קבועה ממשלתיות""",0.3365,0.9379266666666667,-0.6014266666666667,0
gemel,"קרנות השתלמות | אג""ח ללא מניות",2020,2021,1378,"אלטשולר שחם השתלמות אשראי ואג""ח",3.5389,4.073779166666666,-0.5348791666666664,0
gemel,"קרנות השתלמות | אג""ח ללא מניות",2021,2022,8704,"מור השתלמות - מסלול עוקב מדד ""תל בונד 20""",-9.3244,-5.33464,-3.9897600000000004,0
gemel,"קרנות השתלמות | אג""ח ללא מניות",2022,2023,11928,"סלייס השתלמות אג""ח אג""ח",5.072,4.357382608695652,0.7146173913043476,0
gemel,"קרנות השתלמות | אג""ח ללא מניות",2023,2024,13357,"מנורה מבטחים השתלמות מסלול אשראי ואג""ח",7.5242,5.284455555555556,2.2397444444444448,0
gemel,"קרנות השתלמות | אג""ח ללא מניות",2024,2025,14483,"מור קרן השתלמות לשכירים ולעצמאים - אשראי ואג""ח",8.7338,4.670054166666667,4.063745833333334,0
gemel,קרנות השתלמות | עד 25% מניות,2011,2012,1424,פסגות שיא השתלמות אגח עד 10% מניות,8.4901,8.601022222222221,-0.11092222222222148,0
gemel,קרנות השתלמות | עד 25% מניות,2012,2013,1038,"ילין לפידות קרן השתלמות מסלול אג""ח עם מניות (עד 25% מניות)",9.9842,6.61816923076923,3.366030769230769,0
gemel,קרנות השתלמות | עד 25% מניות,2013,2014,1190,"הפניקס השתלמות אג""ח עד 25% מניות",5.3122,5.00718125,0.30501874999999945,0
gemel,קרנות השתלמות | עד 25% מניות,2014,2015,2271,הלמן-אלדובי השתלמות פאסיבי משולב עד 25% מניות,0.9151,1.575178947368421,-0.660078947368421,0
gemel,קרנות השתלמות | עד 25% מניות,2015,2016,1190,"הפניקס השתלמות אג""ח עד 25% מניות",2.5578,2.49999,0.05780999999999992,0
gemel,קרנות השתלמות | עד 25% מניות,2016,2017,1038,"ילין לפידות קרן השתלמות מסלול אג""ח עם מניות (עד 25% מניות)",4.5429,5.361456521739131,-0.8185565217391302,0
gemel,קרנות השתלמות | עד 25% מניות,2017,2018,558,"אלטשולר שחם השתלמות אשראי ואג""ח עם מניות (עד 25% מניות)",-0.6554,-1.0813818181818182,0.42598181818181824,0
gemel,קרנות השתלמות | עד 25% מניות,2018,2019,1038,"ילין לפידות קרן השתלמות מסלול אג""ח עם מניות (עד 25% מניות)",8.9695,8.9344,0.03509999999999991,0
gemel,קרנות השתלמות | עד 25% מניות,2019,2020,558,"אלטשולר שחם השתלמות אשראי ואג""ח עם מניות (עד 25% מניות)",5.2322,2.4939863636363637,2.738213636363636,0
gemel,קרנות השתלמות | עד 25% מניות,2020,2021,558,"אלטשולר שחם השתלמות אשראי ואג""ח עם מניות (עד 25% מניות)",6.2109,7.224211111111111,-1.0133111111111113,0
gemel,קרנות השתלמות | עד 25% מניות,2021,2022,1038,"ילין לפידות קרן השתלמות מסלול אג""ח עם מניות (עד 25% מניות)",-5.5979,-6.582566666666667,0.9846666666666666,0
gemel,קרנות השתלמות | עד 25% מניות,2022,2023,12956,"מור קרן השתלמות לשכירים ולעצמאים - אשראי ואג""ח עם מניות (עד 25% מניות)",8.7326,6.732431249999999,2.0001687500000003,0
gemel,קרנות השתלמות | עד 25% מניות,2023,2024,11957,"אינפיניטי השתלמות אשראי ואג""ח עם מניות (עד 25% מניות)",9.0216,8.025436363636363,0.9961636363636366,0
gemel,קרנות השתלמות | עד 25% מניות,2024,2025,8885,"מיטב השתלמות אשראי ואג""ח עם מניות (עד 25% מניות)",11.1634,8.190827777777777,2.9725722222222224,0
gemel,קרנות השתלמות | כללי/מעורב/גמיש/תלוי גיל,2010,2011,962,אנליסט השתלמות כללי,-9.6534,-4.268171794871795,-5.385228205128205,0
gemel,קרנות השתלמות | כללי/מעורב/גמיש/תלוי גיל,2011,2012,786,מיטב מאור,7.3881,9.693465625,-2.3053656250000003,0
gemel,קרנות השתלמות | כללי/מעורב/גמיש/תלוי גיל,2012,2013,1162,ילין לפידות קרן השתלמות מסלול כללי,11.6773,9.328975757575758,2.3483242424242423,0
gemel,קרנות השתלמות | כללי/מעורב/גמיש/תלוי גיל,2013,2014,962,אנליסט השתלמות כללי,3.3834,6.1340939393939395,-2.7506939393939396,0
gemel,קרנות השתלמות | כללי/מעורב/גמיש/תלוי גיל,2014,2015,2244,"פסגות שיא השתלמות חו""ל",-1.8909,1.4665894736842104,-3.3574894736842102,0
gemel,קרנות השתלמות | כללי/מעורב/גמיש/תלוי גיל,2015,2016,962,אנליסט השתלמות כללי,6.168,2.899405128205128,3.268594871794872,0
gemel,קרנות השתלמות | כללי/מעורב/גמיש/תלוי גיל,2016,2017,1162,ילין לפידות קרן השתלמות מסלול כללי,6.2891,5.8532744680851065,0.4358255319148938,0
gemel,קרנות השתלמות | כללי/מעורב/גמיש/תלוי גיל,2017,2018,1290,אלטשולר שחם השתלמות כללי ב',-1.9107,-1.0337608695652174,-0.8769391304347827,0
gemel,קרנות השתלמות | כללי/מעורב/גמיש/תלוי גיל,2018,2019,8779,אנליסט קרן השתלמות משולב סחיר,7.4544,11.357990697674419,-3.903590697674419,0
gemel,קרנות השתלמות | כללי/מעורב/גמיש/תלוי גיל,2019,2020,12535,מור קרן השתלמות לשכירים ולעצמאים - כללי,14.2309,3.707802325581395,10.523097674418604,0
gemel,קרנות השתלמות | כללי/מעורב/גמיש/תלוי גיל,2020,2021,12535,מור קרן השתלמות לשכירים ולעצמאים - כללי,14.7064,11.571358333333333,3.135041666666668,0
gemel,קרנות השתלמות | כללי/מעורב/גמיש/תלוי גיל,2021,2022,962,אנליסט השתלמות כללי,-8.239,-8.415108333333333,0.17610833333333176,0
gemel,קרנות השתלמות | כללי/מעורב/גמיש/תלוי גיל,2022,2023,868,"מגדל השתלמות מסלול חו""ל",16.6121,10.69225294117647,5.919847058823532,0
gemel,קרנות השתלמות | כללי/מעורב/גמיש/תלוי גיל,2023,2024,481,מיטב השתלמות עוקב מדדים גמיש,11.996,13.097126666666666,-1.1011266666666657,0
gemel,קרנות השתלמות | כללי/מעורב/גמיש/תלוי גיל,2024,2025,2254,אינפיניטי השתלמות משולב סחיר,47.865,14.457014634146342,33.40798536585366,0
gemel,קרנות השתלמות | מניות פאסיבי,2014,2015,1512,השתלמות שיטת הפניקס סל עוקב מדד s$p500,2.9828,1.4596900000000002,1.52311,0
gemel,קרנות השתלמות | מניות פאסיבי,2022,2023,13264,הפניקס השתלמות מחקה מדד s&p500,30.0846,23.71311,6.371489999999998,0
gemel,קרנות השתלמות | מניות פאסיבי,2023,2024,13264,הפניקס השתלמות מחקה מדד s&p500,24.9741,23.903713333333332,1.0703866666666677,0
gemel,קרנות השתלמות | מניות פאסיבי,2024,2025,11931,סלייס השתלמות מניות פאסיבי,5.993785714285714,5.993785714285714,0.0,1
gemel,קרנות השתלמות | מניות אקטיבי,2010,2011,963,אנליסט השתלמות מניות,-19.6337,-17.302168181818182,-2.331531818181819,0
gemel,קרנות השתלמות | מניות אקטיבי,2011,2012,1519,"תמיר פישמן השתלמות מניות חו""ל",16.7655,10.646533333333334,6.118966666666665,0
gemel,קרנות השתלמות | מניות אקטיבי,2012,2013,1519,"תמיר פישמן השתלמות מניות חו""ל",18.692094736842105,18.692094736842105,0.0,1
gemel,קרנות השתלמות | מניות אקטיבי,2013,2014,1185,פסגות השתלמות מניות,7.020325,7.020325,0.0,1
gemel,קרנות השתלמות | מניות אקטיבי,2014,2015,1537,אינפיניטי השתלמות מניות,-0.986,2.4882176470588235,-3.4742176470588237,0
gemel,קרנות השתלמות | מניות אקטיבי,2015,2016,968,הפניקס השתלמות מניות,7.999,4.95199375,3.04700625,0
gemel,קרנות השתלמות | מניות אקטיבי,2016,2017,8563,ילין לפידות קרן השתלמות מסלול מניות,12.9795,12.7623,0.21720000000000006,0
gemel,קרנות השתלמות | מניות אקטיבי,2017,2018,1377,אלטשולר שחם השתלמות מניות,-5.1331,-4.09196,-1.0411399999999995,0
gemel,קרנות השתלמות | מניות אקטיבי,2018,2019,1085,אינפיניטי השתלמות מניות בישראל,22.1325,24.13188,-1.9993799999999986,0
gemel,קרנות השתלמות | מניות אקטיבי,2019,2020,12536,מור קרן השתלמות לשכירים ולעצמאים - מניות,30.6712,9.29908,21.37212,0
gemel,קרנות השתלמות | מניות אקטיבי,2020,2021,12536,מור קרן השתלמות לשכירים ולעצמאים - מניות,26.0409,22.97666153846154,3.064238461538462,0
gemel,קרנות השתלמות | מניות אקטיבי,2021,2022,1085,אינפיניטי השתלמות מניות בישראל,-13.5715,-14.668684615384615,1.0971846153846148,0
gemel,קרנות השתלמות | מניות אקטיבי,2022,2023,1537,אינפיניטי השתלמות מניות,23.4587,16.14433846153846,7.31436153846154,0
gemel,קרנות השתלמות | מניות אקטיבי,2023,2024,1537,אינפיניטי השתלמות מניות,26.406,21.71601666666667,4.6899833333333305,0
gemel,קרנות השתלמות | מניות אקטיבי,2024,2025,1537,אינפיניטי השתלמות מניות,24.5159,27.233876470588235,-2.717976470588237,0
gemel,תגמולים ואישית לפיצויים | כספי,2010,2011,876,מיטב גמל כספי (שקלי),5.2608,3.03846,2.2223399999999995,0
gemel,תגמולים ואישית לפיצויים | כספי,2011,2012,876,מיטב גמל כספי (שקלי),6.7098,2.849718181818182,3.8600818181818184,0
gemel,תגמולים ואישית לפיצויים | כספי,2012,2013,876,מיטב גמל כספי (שקלי),3.8981,1.7918,2.1063,0
gemel,תגמולים ואישית לפיצויים | כספי,2013,2014,876,מיטב גמל כספי (שקלי),6.506,1.34158,5.16442,0
gemel,תגמולים ואישית לפיצויים | כספי,2014,2015,876,מיטב גמל כספי (שקלי),1.9495,0.34092,1.60858,0
gemel,תגמולים ואישית לפיצויים | כספי,2015,2016,876,מיטב גמל כספי (שקלי),1.2291,0.2800111111111111,0.949088888888889,0
gemel,תגמולים ואישית לפיצויים | כספי,2016,2017,876,מיטב גמל כספי (שקלי),3.756,0.5398999999999999,3.2161,0
gemel,תגמולים ואישית לפיצויים | כספי,2017,2018,876,מיטב גמל כספי (שקלי),-0.4613,0.05082727272727273,-0.5121272727272728,0
gemel,תגמולים ואישית לפיצויים | כספי,2018,2019,1334,הראל גמל כספי (שקלי),0.3405,0.9633181818181819,-0.6228181818181818,0
gemel,תגמולים ואישית לפיצויים | כספי,2019,2020,876,מיטב גמל כספי (שקלי),1.0128,0.2312,0.7816,0
gemel,תגמולים ואישית לפיצויים | כספי,2020,2021,876,מיטב גמל כספי (שקלי),1.163,0.26244,0.90056,0
gemel,תגמולים ואישית לפיצויים | כספי,2021,2022,876,מיטב גמל כספי (שקלי),-3.7014,-0.12379000000000001,-3.57761,0
gemel,תגמולים ואישית לפיצויים | כספי,2022,2023,8699,"אלפא מור קופת גמל לחיסכון, קופת גמל לתגמולים וקופת גמל אישית לפיצויים - כספי (שקלי)",4.3232,4.07848,0.24472000000000005,0
gemel,תגמולים ואישית לפיצויים | כספי,2023,2024,128,כלל תמר כספי(שקלי),4.7189,4.283477777777778,0.43542222222222193,0
gemel,תגמולים ואישית לפיצויים | כספי,2024,2025,1394,אלטשולר שחם גמל כספי (שקלי),5.1754,4.619344444444445,0.5560555555555551,0
gemel,"תגמולים ואישית לפיצויים | אג""ח ללא מניות",2010,2011,813,"אנליסט גמל אשראי ואג""ח",0.9697,3.2244229166666667,-2.2547229166666667,0
gemel,"תגמולים ואישית לפיצויים | אג""ח ללא מניות",2011,2012,548,"פסגות גדיש אג""ח חו""ל",9.1989,7.563728571428571,1.6351714285714287,0
gemel,"תגמולים ואישית לפיצויים | אג""ח ללא מניות",2012,2013,208,"פסגות גדיש אג""ח קונצרני",4.8668,3.146277358490566,1.7205226415094335,0
gemel,"תגמולים ואישית לפיצויים | אג""ח ללא מניות",2013,2014,1490,"אינפיניטי גמל אג""ח קונצרני",-0.9103,4.745104081632653,-5.655404081632653,0
gemel,"תגמולים ואישית לפיצויים | אג""ח ללא מניות",2014,2015,2122,תגמולים שיטת הפניקס סל עוקב מדד IBoxx $ Liquid,-1.281,1.0065727272727274,-2.2875727272727273,0
gemel,"תגמולים ואישית לפיצויים | אג""ח ללא מניות",2015,2016,2118,תגמולים שיטת הפניקס אגח ממשלתי שקלי ריבית קבועה +5,1.7229564102564103,1.7229564102564103,0.0,1
gemel,"תגמולים ואישית לפיצויים | אג""ח ללא מניות",2016,2017,1355,"הפניקס תגמולים ופיצויים - מסלול אג""ח",4.5353,3.939376315789474,0.5959236842105264,0
gemel,"תגמולים ואישית לפיצויים | אג""ח ללא מניות",2017,2018,8698,"אלפא מור תגמולים - מסלול עוקב מדד ""תל בונד 20""",-1.0792,-0.9420441176470589,-0.13715588235294107,0
gemel,"תגמולים ואישית לפיצויים | אג""ח ללא מניות",2018,2019,1037,"ילין לפידות קופת גמל מסלול אשראי ואג""ח",4.8636,6.82698064516129,-1.9633806451612905,0
gemel,"תגמולים ואישית לפיצויים | אג""ח ללא מניות",2019,2020,1692,"מיטב גמל עוקב מדדי אג""ח",2.5701,1.069240625,1.500859375,0
gemel,"תגמולים ואישית לפיצויים | אג""ח ללא מניות",2020,2021,1376,"אלטשולר שחם גמל אשראי ואג""ח",3.7884,3.98348,-0.19507999999999992,0
gemel,"תגמולים ואישית לפיצויים | אג""ח ללא מניות",2021,2022,1692,"מיטב גמל עוקב מדדי אג""ח",-10.707,-5.739169230769231,-4.96783076923077,0
gemel,"תגמולים ואישית לפיצויים | אג""ח ללא מניות",2022,2023,11942,"סלייס גמל קופת גמל לחסכון אג""ח אג""ח",5.3543,4.6839,0.6703999999999999,0
gemel,"תגמולים ואישית לפיצויים | אג""ח ללא מניות",2023,2024,13355,"מנורה מבטחים תגמולים ופיצויים מסלול אשראי ואג""ח",7.6316,5.284335,2.347265,0
gemel,"תגמולים ואישית לפיצויים | אג""ח ללא מניות",2024,2025,14481,"אלפא מור קופת גמל לחיסכון, קופת גמל לתגמולים וקופת גמל אישית לפיצויים - אשראי ואג""ח",8.7134,4.678030769230769,4.035369230769231,0
gemel,תגמולים ואישית לפיצויים | עד 25% מניות,2010,2011,874,"מיטב גמל אג""ח עד 25% מניות",-2.0536,-0.3970615384615384,-1.6565384615384615,0
gemel,תגמולים ואישית לפיצויים | עד 25% מניות,2011,2012,1331,פסגות גדיש אגח עד 10% מניות,9.3355,9.048138461538462,0.28736153846153734,0
gemel,תגמולים ואישית לפיצויים | עד 25% מניות,2012,2013,1035,"ילין לפידות קופת גמל מסלול אג""ח עד 25% מניות",10.2545,7.093885714285714,3.160614285714286,0
gemel,תגמולים ואישית לפיצויים | עד 25% מניות,2013,2014,253,"כלל תמר אג""ח עד 25% מניות",4.4665,4.850486666666667,-0.3839866666666669,0
gemel,תגמולים ואישית לפיצויים | עד 25% מניות,2014,2015,2263,הלמן-אלדובי גמל פאסיבי משולב עד 25% מניות,1.1322,1.7456473684210527,-0.6134473684210526,0
gemel,תגמולים ואישית לפיצויים | עד 25% מניות,2015,2016,1040,"אקסלנס גמל אג""ח קונצרני עד 20% מניות",2.7988235294117647,2.7988235294117647,0.0,1
gemel,תגמולים ואישית לפיצויים | עד 25% מניות,2016,2017,1035,"ילין לפידות קופת גמל מסלול אג""ח עד 25% מניות",4.5111,5.676561111111111,-1.165461111111111,0
gemel,תגמולים ואישית לפיצויים | עד 25% מניות,2017,2018,253,"כלל תמר אג""ח עד 25% מניות",0.3376,-0.6930000000000001,1.0306000000000002,0
gemel,תגמולים ואישית לפיצויים | עד 25% מניות,2018,2019,1035,"ילין לפידות קופת גמל מסלול אג""ח עד 25% מניות",8.9036,9.083866666666667,-0.18026666666666635,0
gemel,תגמולים ואישית לפיצויים | עד 25% מניות,2019,2020,253,"כלל תמר אג""ח עד 25% מניות",2.5319,2.8307625,-0.29886250000000025,0
gemel,תגמולים ואישית לפיצויים | עד 25% מניות,2020,2021,874,"מיטב גמל אג""ח עד 25% מניות",11.4828,8.313933333333333,3.1688666666666663,0
gemel,תגמולים ואישית לפיצויים | עד 25% מניות,2021,2022,101,"הראל אג""ח עד 25% מניות",-5.4015,-5.727666666666667,0.3261666666666665,0
gemel,תגמולים ואישית לפיצויים | עד 25% מניות,2022,2023,12957,"אלפא מור קופת גמל לתגמולים ואישית לפיצויים וקופת גמל לא משלמת לקצבה אג""ח עד 25% במניות",8.0497,6.0552,1.9944999999999995,0
gemel,תגמולים ואישית לפיצויים | כללי/מעורב/גמיש/תלוי גיל,2010,2011,811,אנליסט מסלולית קופת גמל ישראל,-10.6208,-3.984124,-6.636676,0
gemel,תגמולים ואישית לפיצויים | כללי/מעורב/גמיש/תלוי גיל,2011,2012,818,אנליסט גמל משולב סחיר,1.8764,10.013474074074074,-8.137074074074073,0
gemel,תגמולים ואישית לפיצויים | כללי/מעורב/גמיש/תלוי גיל,2012,2013,119,מנורה מבטחים יותר מסלול ד',9.972,9.688383673469387,0.28361632653061264,0
gemel,תגמולים ואישית לפיצויים | כללי/מעורב/גמיש/תלוי גיל,2013,2014,460,כלל איתן כללי דגש חזק,6.411673684210526,6.411673684210526,0.0,1
gemel,תגמולים ואישית לפיצויים | כללי/מעורב/גמיש/תלוי גיל,2014,2015,818,אנליסט גמל משולב סחיר,2.7924,1.760754347826087,1.0316456521739132,0
gemel,תגמולים ואישית לפיצויים | כללי/מעורב/גמיש/תלוי גיל,2015,2016,811,אנליסט מסלולית קופת גמל ישראל,9.6571,3.070148076923077,6.5869519230769225,0
gemel,תגמולים ואישית לפיצויים | כללי/מעורב/גמיש/תלוי גיל,2016,2017,811,אנליסט מסלולית קופת גמל ישראל,8.8839,5.962724637681159,2.9211753623188415,0
gemel,תגמולים ואישית לפיצויים | כללי/מעורב/גמיש/תלוי גיל,2017,2018,9950,אלטשולר שחם גמל לבני 50 ומטה,-2.554,-1.0492287878787878,-1.504771212121212,0
gemel,תגמולים ואישית לפיצויים | כללי/מעורב/גמיש/תלוי גיל,2018,2019,818,אנליסט גמל משולב סחיר,7.6999,11.849390625,-4.149490624999999,0
gemel,תגמולים ואישית לפיצויים | כללי/מעורב/גמיש/תלוי גיל,2019,2020,12532,"אלפא מור קופת גמל לחיסכון, קופת גמל לתגמולים וקופת גמל אישית לפיצויים - לבני 50 ומטה",17.7814,4.025017741935484,13.756382258064518,0
gemel,תגמולים ואישית לפיצויים | כללי/מעורב/גמיש/תלוי גיל,2020,2021,12532,"אלפא מור קופת גמל לחיסכון, קופת גמל לתגמולים וקופת גמל אישית לפיצויים - לבני 50 ומטה",16.9608,11.904194444444444,5.056605555555555,0
gemel,תגמולים ואישית לפיצויים | כללי/מעורב/גמיש/תלוי גיל,2021,2022,9730,אנליסט מסלולית קופת גמל - מסלול לבני 50 ומטה,-11.9012,-8.500437037037036,-3.400762962962963,0
gemel,תגמולים ואישית לפיצויים | כללי/מעורב/גמיש/תלוי גיל,2022,2023,11944,"סלייס גמל קופת גמל לחסכון חו""ל חו""ל",14.0446,9.870368518518518,4.174231481481483,0
gemel,תגמולים ואישית לפיצויים | כללי/מעורב/גמיש/תלוי גיל,2023,2024,818,אנליסט גמל משולב סחיר,11.5703,12.913244776119402,-1.3429447761194027,0
gemel,תגמולים ואישית לפיצויים | כללי/מעורב/גמיש/תלוי גיל,2024,2025,14279,אנליסט מסלולית קופת גמל עוקב מדדים - גמיש,45.7108,14.139354285714285,31.571445714285716,0
gemel,תגמולים ואישית לפיצויים | מניות פאסיבי,2014,2015,1501,תגמולים שיטת הפניקס סל עוקב מדד s&p 500,2.3269,0.750590909090909,1.576309090909091,0
gemel,תגמולים ואישית לפיצויים | מניות פאסיבי,2017,2018,8626,אקסלנס גמל פאסיבי- מדדי מניות,-5.4291,-2.50565,-2.92345,0
gemel,תגמולים ואישית לפיצויים | מניות פאסיבי,2018,2019,2256,הלמן-אלדובי גמל מחקה מדד S&P500,20.5891,18.2976,2.291499999999999,0
gemel,תגמולים ואישית לפיצויים | מניות פאסיבי,2021,2022,8695,"אלפא מור תגמולים - מסלול עוקב מדד ""מניות תל אביב 35""",-8.5451,-10.168245454545454,1.6231454545454547,0
gemel,תגמולים ואישית לפיצויים | מניות פאסיבי,2022,2023,13356,מנורה מבטחים תגמולים ופיצויים מסלול עוקב מדדי מניות,21.8016,27.292246153846154,-5.4906461538461535,0
gemel,תגמולים ואישית לפיצויים | מניות פאסיבי,2023,2024,1689,מיטב גמל עוקב מדדי מניות,24.4629,24.336676923076922,0.126223076923079,0
gemel,תגמולים ואישית לפיצויים | מניות פאסיבי,2024,2025,13501,הראל גמל - עוקב מדד s&p 500,2.6426,5.633157142857143,-2.990557142857143,0
gemel,תגמולים ואישית לפיצויים | מניות אקטיבי,2010,2011,814,אנליסט גמל מניות,-20.7692,-16.69978148148148,-4.069418518518521,0
gemel,תגמולים ואישית לפיצויים | מניות אקטיבי,2011,2012,817,אנליסט גמל מניות סחיר,11.0504,11.074854166666666,-0.024454166666666666,0
gemel,תגמולים ואישית לפיצויים | מניות אקטיבי,2012,2013,1517,"תמיר פישמן גמל מניות חו""ל",19.127095238095237,19.127095238095237,0.0,1
gemel,תגמולים ואישית לפיצויים | מניות אקטיבי,2013,2014,127,כלל תמר מניות,2.9645,7.655666666666667,-4.691166666666667,0
gemel,תגמולים ואישית לפיצויים | מניות אקטיבי,2014,2015,817,אנליסט גמל מניות סחיר,-0.6455,2.6393444444444443,-3.2848444444444445,0
gemel,תגמולים ואישית לפיצויים | מניות אקטיבי,2015,2016,1330,פסגות גדיש מניות,5.4696,5.38654375,0.08305624999999939,0
gemel,תגמולים ואישית לפיצויים | מניות אקטיבי,2016,2017,1036,ילין לפידות קופת גמל מסלול מניות,13.615,12.71746,0.8975399999999993,0
gemel,תגמולים ואישית לפיצויים | מניות אקטיבי,2017,2018,1375,אלטשולר שחם גמל מניות,-5.2857,-3.68182,-1.6038800000000002,0
gemel,תגמולים ואישית לפיצויים | מניות אקטיבי,2018,2019,817,אנליסט גמל מניות סחיר,20.2924,24.441726666666668,-4.149326666666667,0
gemel,תגמולים ואישית לפיצויים | מניות אקטיבי,2019,2020,12531,"אלפא מור קופת גמל לחיסכון, קופת גמל לתגמולים וקופת גמל אישית לפיצויים - מניות",33.4744,10.0442,23.430200000000003,0
gemel,תגמולים ואישית לפיצויים | מניות אקטיבי,2020,2021,12531,"אלפא מור קופת גמל לחיסכון, קופת גמל לתגמולים וקופת גמל אישית לפיצויים - מניות",25.071,23.398207692307693,1.6727923076923084,0
gemel,תגמולים ואישית לפיצויים | מניות אקטיבי,2021,2022,1079,אינפיניטי גמל מניות בישראל,-13.8091,-14.891814285714286,1.0827142857142853,0
gemel,תגמולים ואישית לפיצויים | מניות אקטיבי,2022,2023,1536,אינפיניטי גמל מניות,24.1542,16.14487857142857,8.009321428571429,0
gemel,תגמולים ואישית לפיצויים | מניות אקטיבי,2023,2024,817,אנליסט גמל מניות סחיר,23.0441,22.643753846153846,0.40034615384615435,0
gemel,תגמולים ואישית לפיצויים | מניות אקטיבי,2024,2025,1536,אינפיניטי גמל מניות,24.8439,26.6581,-1.8141999999999996,0
gemel,קופת גמל להשקעה | כספי,2021,2022,7861,מיטב גמל להשקעה כספי (שקלי),-0.3404,0.1890222222222222,-0.5294222222222222,0
gemel,קופת גמל להשקעה | כספי,2022,2023,7963,מור גמל להשקעה - כספי (שקלי),4.2817,4.1306111111111115,0.15108888888888838,0
gemel,קופת גמל להשקעה | כספי,2023,2024,7993,כלל גמל לעתיד כספי(שקלי),4.6981,4.452788888888889,0.24531111111111148,0
gemel,קופת גמל להשקעה | כספי,2024,2025,7993,כלל גמל לעתיד כספי(שקלי),5.2728,4.657788888888889,0.6150111111111114,0
gemel,"קופת גמל להשקעה | אג""ח ללא מניות",2017,2018,7960,מור גמל להשקעה מסלול מחקה מדד תל בונד 20,-1.1685,-0.9023866666666667,-0.2661133333333334,0
gemel,"קופת גמל להשקעה | אג""ח ללא מניות",2018,2019,11391,"ילין לפידות קופת גמל להשקעה מסלול אשראי ואג""ח",7.0103,7.32328,-0.3129799999999996,0
gemel,"קופת גמל להשקעה | אג""ח ללא מניות",2019,2020,7962,"מור גמל להשקעה מסלול מחקה מדד אג""ח ממשלתי, לא צמודות בריבית קבועה",1.1808,1.85759375,-0.6767937499999999,0
gemel,"קופת גמל להשקעה | אג""ח ללא מניות",2020,2021,7905,"הפניקס גמל להשקעה אשראי ואג""ח",4.6602,4.084113333333334,0.576086666666666,0
gemel,"קופת גמל להשקעה | אג""ח ללא מניות",2021,2022,7960,מור גמל להשקעה מסלול מחקה מדד תל בונד 20,-9.1914,-6.0814375,-3.1099625,0
gemel,"קופת גמל להשקעה | אג""ח ללא מניות",2022,2023,7897,"סלייס קופת גמל להשקעה אג""ח ללא מניות",5.0197,4.4831875,0.5365125000000006,0
gemel,"קופת גמל להשקעה | אג""ח ללא מניות",2023,2024,13354,"מנורה מבטחים גמל להשקעה מסלול אשראי ואג""ח",7.4903,5.383990909090909,2.1063090909090914,0
gemel,"קופת גמל להשקעה | אג""ח ללא מניות",2024,2025,14482,"מור גמל להשקעה - אשראי ואג""ח",9.1338,4.396278947368421,4.73752105263158,0
gemel,קופת גמל להשקעה | עד 25% מניות,2017,2018,8521,"הראל גמל להשקעה אשראי ואג""ח עם מניות (עד 25% מניות)",-1.4718,-1.2005266666666667,-0.27127333333333326,0
gemel,קופת גמל להשקעה | עד 25% מניות,2018,2019,11392,"ילין לפידות קופת גמל להשקעה מסלול אשראי ואג""ח עם מניות (עד 25% מניות)",8.8308,8.84296,-0.012159999999999727,0
gemel,קופת גמל להשקעה | עד 25% מניות,2019,2020,7800,"אלטשולר שחם חיסכון פלוס אשראי ואג""ח עם מניות (עד 25% במניות)",4.6667,2.33496,2.3317399999999995,0
gemel,קופת גמל להשקעה | עד 25% מניות,2020,2021,7800,"אלטשולר שחם חיסכון פלוס אשראי ואג""ח עם מניות (עד 25% במניות)",5.734,6.958928571428571,-1.2249285714285714,0
gemel,קופת גמל להשקעה | עד 25% מניות,2021,2022,8521,"הראל גמל להשקעה אשראי ואג""ח עם מניות (עד 25% מניות)",-8.875,-7.057628571428571,-1.8173714285714286,0
gemel,קופת גמל להשקעה | עד 25% מניות,2022,2023,7981,מיטב גמל להשקעה מסלול אג''ח עד 10% מניות,5.7004,6.767285714285714,-1.0668857142857142,0
gemel,קופת גמל להשקעה | עד 25% מניות,2023,2024,9639,"אינפיניטי גמל להשקעה אשראי ואג""ח עם מניות (עד 25% מניות)",8.9997,8.172041666666667,0.8276583333333338,0
gemel,קופת גמל להשקעה | עד 25% מניות,2024,2025,12955,"מור גמל להשקעה -אשראי ואג""ח עם מניות (עד 25% מניות)",9.1352,8.623188888888889,0.5120111111111108,0
gemel,קופת גמל להשקעה | כללי/מעורב/גמיש/תלוי גיל,2017,2018,7798,אלטשולר שחם חיסכון פלוס כללי,-2.4117,-1.2398222222222222,-1.171877777777778,0
gemel,קופת גמל להשקעה | כללי/מעורב/גמיש/תלוי גיל,2018,2019,7842,אנליסט מסלולית - קופת גמל להשקעה משולב סחיר,7.1397,11.077389285714286,-3.937689285714286,0
gemel,קופת גמל להשקעה | כללי/מעורב/גמיש/תלוי גיל,2019,2020,12538,מור גמל להשקעה - כללי,11.8734,3.8643321428571427,8.009067857142858,0
gemel,קופת גמל להשקעה | כללי/מעורב/גמיש/תלוי גיל,2020,2021,12538,מור גמל להשקעה - כללי,13.4816,10.853411538461538,2.6281884615384623,0
gemel,קופת גמל להשקעה | כללי/מעורב/גמיש/תלוי גיל,2021,2022,8211,הראל גמל להשקעה כללי,-9.8062,-8.910226923076923,-0.8959730769230774,0
gemel,קופת גמל להשקעה | כללי/מעורב/גמיש/תלוי גיל,2022,2023,8004,הפניקס גמל להשקעה שריעה,18.3612,11.709296153846154,6.6519038461538464,0
gemel,קופת גמל להשקעה | כללי/מעורב/גמיש/תלוי גיל,2023,2024,12540,אינפיניטי גמל להשקעה הלכה,16.0134,12.743596666666667,3.269803333333334,0
gemel,קופת גמל להשקעה | כללי/מעורב/גמיש/תלוי גיל,2024,2025,7843,אנליסט מסלולית - קופת גמל להשקעה עוקב מדדים - גמיש,45.7381,14.27063846153846,31.467461538461542,0
gemel,קופת גמל להשקעה | מניות פאסיבי,2018,2019,11411,הלמן-אלדובי קופת גמל להשקעה מחקה מדד S&P500,20.0113,17.903975,2.1073249999999994,0
gemel,קופת גמל להשקעה | מניות פאסיבי,2019,2020,7907,הפניקס גמל להשקעה עוקב מדדי מניות,3.8643,1.586675,2.277625,0
gemel,קופת גמל להשקעה | מניות פאסיבי,2020,2021,11411,הלמן-אלדובי קופת גמל להשקעה מחקה מדד S&P500,24.885849999999998,24.885849999999998,0.0,1
gemel,קופת גמל להשקעה | מניות פאסיבי,2021,2022,7892,סלייס קופת גמל להשקעה מדד מניות,-9.0388,-10.054458333333333,1.0156583333333327,0
gemel,קופת גמל להשקעה | מניות פאסיבי,2022,2023,13250,הפניקס גמל להשקעה עוקב מדד S&P500,30.1234,25.258685714285715,4.864714285714285,0
gemel,קופת גמל להשקעה | מניות פאסיבי,2023,2024,7867,מיטב גמל להשקעה עוקב מדדי מניות,24.5136,22.86955,1.64405,0
gemel,קופת גמל להשקעה | מניות פאסיבי,2024,2025,13414,הראל גמל להשקעה עוקב מדד s&p 500,2.6111,6.0947,-3.4835999999999996,0
gemel,קופת גמל להשקעה | מניות אקטיבי,2017,2018,7799,אלטשולר שחם חיסכון פלוס מניות,-5.3228,-4.213881818181818,-1.108918181818182,0
gemel,קופת גמל להשקעה | מניות אקטיבי,2018,2019,7975,הפניקס גמל להשקעה מניות,21.8583,25.23298181818182,-3.37468181818182,0
gemel,קופת גמל להשקעה | מניות אקטיבי,2019,2020,12537,מור גמל להשקעה - מניות,25.6434,9.448081818181818,16.19531818181818,0
gemel,קופת גמל להשקעה | מניות אקטיבי,2020,2021,12537,מור גמל להשקעה - מניות,23.3386,22.81617,0.52243,0
gemel,קופת גמל להשקעה | מניות אקטיבי,2021,2022,11394,ילין לפידות קופת גמל להשקעה מסלול מניות,-15.2316,-15.227245454545455,-0.004354545454544834,0
gemel,קופת גמל להשקעה | מניות אקטיבי,2022,2023,13353,מנורה מבטחים גמל להשקעה מסלול מניות סחיר,22.1797,17.511072727272726,4.668627272727274,0
gemel,קופת גמל להשקעה | מניות אקטיבי,2023,2024,11407,אינפיניטי גמל להשקעה מניות,23.9396,22.247454545454545,1.6921454545454537,0
gemel,קופת גמל להשקעה | מניות אקטיבי,2024,2025,8522,הראל גמל להשקעה מניות,33.3506,28.19930625,5.151293750000001,0
gemel,קופת גמל להשקעה - חסכון לילד | עד 25% מניות,2018,2019,11321,מנורה מבטחים חסכון לכל ילד - מסלול חוסכים המעדיפים סיכון מועט,7.4724,9.016691666666667,-1.5442916666666662,0
gemel,קופת גמל להשקעה - חסכון לילד | עד 25% מניות,2019,2020,11325,אלטשולר שחם חיסכון לילד לחוסכים המעדיפים סיכון מועט,5.2146,1.9996,3.215,0
gemel,קופת גמל להשקעה - חסכון לילד | עד 25% מניות,2020,2021,11325,אלטשולר שחם חיסכון לילד לחוסכים המעדיפים סיכון מועט,7.0677,6.945819999999999,0.12188000000000088,0
gemel,קופת גמל להשקעה - חסכון לילד | עד 25% מניות,2021,2022,11385,מיטב קופת גמל להשקעה לחיסכון ארוך טווח לילד אחר חיסכון לכל ילד - חוסכים המעדיפים סיכון מועט,-7.1032,-7.24775,0.14454999999999973,0
gemel,קופת גמל להשקעה - חסכון לילד | עד 25% מניות,2022,2023,11321,מנורה מבטחים חסכון לכל ילד - מסלול חוסכים המעדיפים סיכון מועט,5.7057,6.98656,-1.2808599999999997,0
gemel,קופת גמל להשקעה - חסכון לילד | עד 25% מניות,2023,2024,11374,אינפיניטי חיסכון לילד - חוסכים המעדיפים סיכון מועט,10.8735,8.59136,2.28214,0
gemel,קופת גמל להשקעה - חסכון לילד | עד 25% מניות,2024,2025,11374,אינפיניטי חיסכון לילד - חוסכים המעדיפים סיכון מועט,11.7591,9.485077777777779,2.2740222222222215,0
gemel,קופת גמל להשקעה - חסכון לילד | כללי/מעורב/גמיש/תלוי גיל,2018,2019,11352,הפניקס חיסכון לילד- שריעה,-0.3407,10.756195833333333,-11.096895833333333,0
gemel,קופת גמל להשקעה - חסכון לילד | כללי/מעורב/גמיש/תלוי גיל,2019,2020,11366,אנליסט מסלולית - קופת גמל להשקעה לחיסכון ארוך טווח לילד - מסלול לחוסכים המעדיפים סיכון בינוני,2.0508,2.5392083333333333,-0.4884083333333331,0
gemel,קופת גמל להשקעה - חסכון לילד | כללי/מעורב/גמיש/תלוי גיל,2020,2021,11914,אינפיניטי חיסכון לילד - הלכה,12.5055,10.499,2.006499999999999,0
gemel,קופת גמל להשקעה - חסכון לילד | כללי/מעורב/גמיש/תלוי גיל,2021,2022,11366,אנליסט מסלולית - קופת גמל להשקעה לחיסכון ארוך טווח לילד - מסלול לחוסכים המעדיפים סיכון בינוני,-8.5986,-8.789255,0.19065500000000135,0
gemel,קופת גמל להשקעה - חסכון לילד | כללי/מעורב/גמיש/תלוי גיל,2022,2023,9303,מור חיסכון לילד - שריעה,10.0149,10.933945,-0.9190449999999988,0
gemel,קופת גמל להשקעה - חסכון לילד | כללי/מעורב/גמיש/תלוי גיל,2023,2024,11914,אינפיניטי חיסכון לילד - הלכה,16.2472,13.30546,2.9417399999999994,0
gemel,קופת גמל להשקעה - חסכון לילד | כללי/מעורב/גמיש/תלוי גיל,2024,2025,11352,הפניקס חיסכון לילד- שריעה,4.1876,13.113663157894736,-8.926063157894736,0
gemel,קופת גמל להשקעה - חסכון לילד | מניות אקטיבי,2018,2019,9420,מור חיסכון לילד - חוסכים המעדיפים סיכון מוגבר,13.9375,21.048225,-7.110724999999999,0
gemel,קופת גמל להשקעה - חסכון לילד | מניות אקטיבי,2019,2020,11367,אנליסט מסלולית - קופת גמל להשקעה לחיסכון ארוך טווח לילד - מסלול לחוסכים המעדיפים סיכון מוגבר,14.3955,6.6929,7.7026,0
gemel,קופת גמל להשקעה - חסכון לילד | מניות אקטיבי,2020,2021,11367,אנליסט מסלולית - קופת גמל להשקעה לחיסכון ארוך טווח לילד - מסלול לחוסכים המעדיפים סיכון מוגבר,27.7986,22.3533,5.4453,0
gemel,קופת גמל להשקעה - חסכון לילד | מניות אקטיבי,2021,2022,11367,אנליסט מסלולית - קופת גמל להשקעה לחיסכון ארוך טווח לילד - מסלול לחוסכים המעדיפים סיכון מוגבר,-18.5211,-15.08973,-3.431370000000001,0
gemel,קופת גמל להשקעה - חסכון לילד | מניות אקטיבי,2022,2023,9420,מור חיסכון לילד - חוסכים המעדיפים סיכון מוגבר,12.861,17.19924,-4.338239999999999,0
gemel,קופת גמל להשקעה - חסכון לילד | מניות אקטיבי,2023,2024,11373,אינפיניטי חיסכון לילד - חוסכים המעדיפים סיכון מוגבר,22.7354,21.77915,0.9562499999999972,0
gemel,קופת גמל להשקעה - חסכון לילד | מניות אקטיבי,2024,2025,9420,מור חיסכון לילד - חוסכים המעדיפים סיכון מוגבר,27.8417,24.85357777777778,2.98812222222222,0
